position,champion,key,games_played,kda,win_rate,pick_rate,ban_rate,cs,gold
top,Yuumi,yuumi,690,1.74,16.81159420289855,0.02,2.69,60.58,6335
top,Nami,nami,108,1.96,29.629629629629626,0.0,1.95,94.44,8095
top,Blitzcrank,blitzcrank,676,1.43,31.06508875739645,0.02,12.89,114.5,9517
top,Nunu & Willump,nunu,458,1.51,31.65938864628821,0.01,1.39,127.97,9406
top,Milio,milio,200,2.18,32.5,0.01,4.47,142.21,9275
top,Amumu,amumu,682,1.37,33.137829912023456,0.02,5.46,141.7,9993
top,Bard,bard,818,1.96,33.618581907090466,0.03,1.63,132.76,9895
top,Hecarim,hecarim,361,1.32,34.34903047091413,0.01,1.52,156.49,10466
top,Leona,leona,640,1.78,35.15625,0.02,6.34,117.66,9362
top,Sona,sona,357,1.91,35.294117647058826,0.01,0.54,119.18,9235
top,Braum,braum,494,1.51,35.62753036437247,0.02,2.24,134.93,10048
top,Thresh,thresh,1830,1.72,37.759562841530055,0.06,2.86,165.71,10901
top,Soraka,soraka,1707,2.43,39.015817223198596,0.05,2.81,128.49,9089
top,Nilah,nilah,474,1.27,39.029535864978904,0.01,2.28,204.42,13080
top,Rell,rell,524,2.03,39.31297709923664,0.02,0.48,134.27,9911
top,Kha'Zix,khazix,409,1.6,39.36430317848411,0.01,2.08,170.88,11448
top,Samira,samira,1158,1.27,39.637305699481864,0.04,5.39,192.11,12348
top,Renata Glasc,renata,73,2.19,39.726027397260275,0.0,0.1,111.08,8796
top,Bel'Veth,belveth,798,1.31,40.100250626566414,0.02,3.32,177.73,11519
top,Lucian,lucian,1608,1.53,40.11194029850746,0.05,2.33,201.04,12473
top,Yunara,yunara,1045,1.3,40.28708133971292,0.03,2.01,197.8,12267
top,Sivir,sivir,714,1.5,40.476190476190474,0.02,1.91,219.9,12269
top,Lulu,lulu,1704,1.99,41.13849765258216,0.05,3.41,154.89,10407
top,Taric,taric,1486,1.72,41.251682368775235,0.05,0.55,132.93,9734
top,Ezreal,ezreal,1707,1.66,41.35910954891623,0.05,1.72,186.71,11886
top,Jinx,jinx,956,1.56,41.84100418410041,0.03,4.21,181.85,11731
top,Pyke,pyke,291,1.87,41.92439862542955,0.01,14.47,117.35,10897
top,Vi,vi,4122,1.44,42.28529839883552,0.13,0.46,173.21,12188
top,Kindred,kindred,643,1.66,42.61275272161742,0.02,2.24,184.89,12382
top,Alistar,alistar,2325,1.97,42.752688172043015,0.07,0.94,135.7,9843
top,Skarner,skarner,3486,1.79,42.82845668387837,0.11,0.14,161.74,10831
top,Shyvana,shyvana,4760,1.43,43.02521008403362,0.15,0.3,206.97,12433
top,Xerath,xerath,1035,2.36,43.768115942028984,0.03,4.43,174.02,11553
top,Miss Fortune,missfortune,1475,1.6,44.06779661016949,0.05,19.36,187.21,12781
top,Twitch,twitch,1361,1.85,44.15870683321088,0.04,6.97,158.86,12268
top,Graves,graves,4281,1.58,44.26535856108386,0.13,1.94,216.48,13050
top,Ashe,ashe,6852,1.74,44.483362521891415,0.21,6.98,178.09,11656
top,Udyr,udyr,16891,1.48,44.63915694748683,0.52,1.99,192.42,11760
top,Lee Sin,leesin,6233,1.8,44.777795604043,0.19,1.7,185.3,12455
top,Rammus,rammus,2622,1.59,44.813119755911515,0.08,4.69,161.25,10684
top,Evelynn,evelynn,304,2.2,45.06578947368421,0.01,1.83,135.86,11945
top,Nautilus,nautilus,4214,1.95,45.11153298528714,0.13,8.86,158.91,10437
top,Nidalee,nidalee,4103,1.92,45.186448939800144,0.13,0.23,175.43,11840
top,Kai'Sa,kaisa,3686,1.81,45.225176342919156,0.11,1.65,205.66,13661
top,Jhin,jhin,3829,2.02,45.233742491512146,0.12,4.27,185.78,12711
top,Twisted Fate,twistedfate,3586,1.67,45.287228109314,0.11,0.27,178.91,12906
top,Corki,corki,1278,1.67,45.305164319248824,0.04,0.31,208.31,13115
top,Master Yi,masteryi,40687,1.46,45.319143706835106,1.25,20.53,172.14,12401
top,Ziggs,ziggs,1609,1.81,45.36979490366687,0.05,1.14,191.04,11976
top,Fizz,fizz,6331,1.85,45.490443847733374,0.19,11.96,177.3,12330
top,Janna,janna,685,2.2,45.54744525547445,0.02,0.7,121.04,9432
top,Jarvan IV,jarvaniv,2594,2.23,45.75944487278335,0.08,1.39,175.62,11865
top,Talon,talon,1311,1.85,45.766590389016024,0.04,2.22,193.7,12885
top,Zyra,zyra,1142,1.88,45.79684763572679,0.04,5.67,181.89,11435
top,Shaco,shaco,6154,1.82,45.807604809879756,0.19,22.37,151.33,10782
top,Caitlyn,caitlyn,5528,1.54,45.875542691751086,0.17,20.56,197.66,13003
top,Annie,annie,1582,1.91,45.954487989886225,0.05,0.76,171.56,11481
top,Rengar,rengar,7791,1.59,46.00179694519318,0.24,4.55,179.34,12164
top,Tristana,tristana,2326,1.61,46.13069647463456,0.07,4.93,191.61,12885
top,K'Sante,ksante,58146,1.96,46.17686513259726,1.78,1.06,180.35,11165
top,Mel,mel,3763,2.0,46.319425989901674,0.12,47.05,188.19,12401
top,Rakan,rakan,220,2.14,46.36363636363636,0.01,0.16,140.22,9721
top,Vel'Koz,velkoz,2160,2.01,46.71296296296296,0.07,2.39,183.1,12368
top,Aphelios,aphelios,1326,1.33,46.757164404223225,0.04,3.26,193.17,12860
top,Karma,karma,4666,2.19,46.93527646806687,0.14,2.16,167.59,10631
top,Aurelion Sol,aurelionsol,5769,2.11,47.079216501993415,0.18,1.55,203.42,12780
top,Gragas,gragas,44472,2.05,47.24545781615399,1.36,0.5,177.36,11197
top,Elise,elise,2395,1.72,47.306889352818374,0.07,1.12,158.65,12011
top,Smolder,smolder,16427,1.73,47.47671516405917,0.5,5.65,217.43,12912
top,Kalista,kalista,2300,1.55,47.52173913043478,0.07,0.19,200.0,13206
top,Karthus,karthus,2690,1.71,47.62081784386617,0.08,0.66,209.88,13385
top,Xin Zhao,xinzhao,7332,1.59,47.62684124386252,0.22,0.71,174.28,12006
top,Maokai,maokai,9211,2.23,47.80154163500163,0.28,0.4,166.43,10705
top,Vladimir,vladimir,52193,1.9,47.948958672618936,1.6,3.52,198.45,11976
top,Seraphine,seraphine,416,2.34,48.07692307692308,0.01,2.08,167.67,10920
top,Cassiopeia,cassiopeia,11571,1.8,48.077089274911415,0.35,1.01,192.57,11879
top,Ambessa,ambessa,79493,1.91,48.08473702086976,2.44,4.56,183.74,11640
top,Jayce,jayce,52893,1.87,48.15760119486511,1.62,1.72,203.26,12629
top,Galio,galio,7073,2.31,48.169093736745374,0.22,2.66,170.96,10698
top,Akshan,akshan,4860,1.89,48.20987654320988,0.15,3.8,188.44,13172
top,Lillia,lillia,5045,1.89,48.305252725470766,0.15,3.46,175.35,11758
top,Sejuani,sejuani,11564,2.2,48.33967485299204,0.35,0.18,179.2,11599
top,Rumble,rumble,51849,1.97,48.35194507126464,1.59,0.46,183.79,11870
top,Gangplank,gangplank,92701,2.09,48.370567739290834,2.84,1.02,212.53,14291
top,Gnar,gnar,74711,1.93,48.44400422963152,2.29,0.51,182.82,11910
top,Zaahen,zaahen,204763,1.66,48.47164770979132,6.28,23.65,176.27,11637
top,Neeko,neeko,4411,1.87,48.49240535026071,0.14,1.41,184.7,12157
top,Darius,darius,241437,1.76,48.55759473485837,7.4,12.65,187.16,12324
top,Camille,camille,56805,1.89,48.6330428659449,1.74,0.94,180.49,12109
top,Trundle,trundle,45485,1.41,48.6468066395515,1.39,1.57,200.49,12815
top,Aatrox,aatrox,142263,1.86,48.67252904831193,4.36,7.92,181.28,11640
top,Ryze,ryze,17134,1.89,48.8735846854208,0.53,0.49,220.05,12547
top,Viego,viego,4007,1.75,48.88944347392064,0.12,7.88,183.36,12823
top,Senna,senna,3540,2.34,48.898305084745765,0.11,1.22,176.26,12210
top,Quinn,quinn,65652,1.88,48.94443428989216,2.01,2.86,176.06,12686
top,Sylas,sylas,17161,1.87,48.965677990793075,0.53,14.41,158.71,11363
top,Kassadin,kassadin,2291,1.99,48.974247053688345,0.07,1.43,181.64,12492
top,Draven,draven,2985,1.66,48.97822445561139,0.09,12.07,204.55,13867
top,Yasuo,yasuo,74906,1.47,49.098870584465864,2.3,17.54,210.41,12538
top,Kayn,kayn,18124,1.5,49.12822776429044,0.56,8.12,195.93,12712
top,Orianna,orianna,1046,2.32,49.1395793499044,0.03,0.65,190.57,11616
top,Gwen,gwen,141806,1.65,49.16012016416795,4.35,7.29,189.49,12518
top,Poppy,poppy,27418,2.06,49.18301845502954,0.84,2.26,167.39,11029
top,Diana,diana,3340,1.67,49.191616766467064,0.1,11.31,179.96,12278
top,Azir,azir,3937,1.74,49.250698501397004,0.12,0.45,206.25,12304
top,Fiddlesticks,fiddlesticks,8106,1.91,49.25980754996299,0.25,1.58,157.89,11201
top,Riven,riven,138479,1.83,49.285451223651236,4.25,3.49,186.66,12551
top,Tryndamere,tryndamere,132660,1.63,49.314035881200056,4.07,3.85,217.54,13386
top,Vayne,vayne,58636,1.65,49.32976328535371,1.8,7.53,180.93,12266
top,Fiora,fiora,112954,1.54,49.33070099332472,3.46,3.9,196.34,12718
top,Qiyana,qiyana,1947,1.91,49.357986646122235,0.06,1.71,187.67,12712
top,Ekko,ekko,5221,1.88,49.37751388622869,0.16,3.58,187.76,12422
top,Aurora,aurora,15109,2.21,49.39440068833146,0.46,2.14,189.12,11913
top,Ahri,ahri,4209,2.18,49.41791399382276,0.13,4.63,192.7,11890
top,Cho'Gath,chogath,152755,1.96,49.42555071847076,4.68,2.15,180.46,11938
top,Zoe,zoe,1434,2.27,49.442119944211996,0.04,3.09,171.14,11292
top,Yone,yone,113068,1.59,49.46227049209325,3.47,4.6,205.8,12611
top,Pantheon,pantheon,64207,2.08,49.52731010637469,1.97,3.12,163.61,11898
top,Kennen,kennen,48239,1.96,49.553266029561144,1.48,0.96,177.87,11825
top,Ivern,ivern,3392,2.32,49.61674528301887,0.1,0.66,147.02,10544
top,Katarina,katarina,2676,1.91,49.62630792227205,0.08,6.18,171.79,12262
top,Olaf,olaf,62282,1.7,49.63713432452394,1.91,1.07,189.08,12667
top,Vex,vex,1522,2.03,49.67148488830486,0.05,3.16,181.62,12073
top,Jax,jax,144542,1.64,49.69074732603672,4.43,12.65,181.57,12287
top,Volibear,volibear,107171,1.69,49.70561065960008,3.29,4.78,182.44,12155
top,Briar,briar,12401,1.64,49.70566889766954,0.38,17.79,165.59,12640
top,Renekton,renekton,130912,1.91,49.73340870202884,4.01,2.66,197.97,12308
top,Nocturne,nocturne,3437,1.81,49.75269130055281,0.11,6.32,190.76,12713
top,Lissandra,lissandra,3479,2.14,49.755676918654785,0.11,0.68,196.19,12087
top,Taliyah,taliyah,1024,1.9,49.8046875,0.03,0.26,195.21,12033
top,Akali,akali,37904,2.13,49.852258336850994,1.16,11.75,176.66,12102
top,Zed,zed,6810,2.17,49.882525697503674,0.21,14.05,197.48,13395
top,Brand,brand,8372,1.9,49.92833253702819,0.26,6.59,179.11,11691
top,Malzahar,malzahar,16559,1.84,49.97282444592065,0.51,18.03,227.36,13012
top,Lux,lux,2330,2.38,50.0,0.07,13.65,182.38,11817
top,LeBlanc,leblanc,1794,2.47,50.0,0.06,7.7,169.27,11826
top,Irelia,irelia,105928,1.59,50.0887395211842,3.25,7.57,221.0,13437
top,Wukong,monkeyking,26756,2.02,50.119599342203614,0.82,0.71,180.37,12563
top,Zeri,zeri,1034,1.77,50.19342359767892,0.03,0.28,210.44,13127
top,Kog'Maw,kogmaw,1964,1.65,50.25458248472505,0.06,0.69,193.27,13519
top,Tahm Kench,tahmkench,55983,2.3,50.30991551006555,1.72,3.3,156.05,11316
top,Shen,shen,114346,2.8,50.32445385059381,3.51,0.93,162.09,10980
top,Ornn,ornn,93138,2.36,50.34142884751659,2.86,0.5,179.85,11089
top,Veigar,veigar,7075,2.01,50.34628975265017,0.22,3.23,194.37,12696
top,Varus,varus,17855,1.88,50.3612433492019,0.55,0.53,185.08,13098
top,Heimerdinger,heimerdinger,62255,1.69,50.41201509918882,1.91,4.45,190.15,12175
top,Zac,zac,14111,2.39,50.65551697257459,0.43,1.35,169.45,11272
top,Morgana,morgana,4531,2.4,50.67314058706687,0.14,22.61,178.72,11392
top,Anivia,anivia,6866,2.29,50.801048645499556,0.21,2.08,191.19,11672
top,Kayle,kayle,184087,1.79,50.85856144105776,5.64,5.5,212.55,12663
top,Nasus,nasus,156364,1.96,50.892788621421815,4.79,3.91,185.45,12055
top,Teemo,teemo,226757,1.8,51.06567823705552,6.95,18.34,186.1,12264
top,Warwick,warwick,48676,1.81,51.10526748294848,1.49,10.47,175.33,12251
top,Sion,sion,155308,1.77,51.133875911092794,4.76,2.27,211.89,13141
top,Naafiri,naafiri,16940,2.18,51.18654073199528,0.52,6.29,198.93,13035
top,Viktor,viktor,3517,2.0,51.236849587716804,0.11,2.22,195.41,11947
top,Garen,garen,319515,1.97,51.28022158584103,9.8,7.9,207.35,13134
top,Xayah,xayah,505,1.53,51.28712871287129,0.02,0.37,188.15,11831
top,Mordekaiser,mordekaiser,241462,1.9,51.360462515841,7.4,12.14,177.4,12120
top,Zilean,zilean,2747,2.96,51.36512559155443,0.08,1.12,165.22,10139
top,Illaoi,illaoi,120015,1.6,51.54355705536808,3.68,9.33,199.34,12447
top,Swain,swain,62161,2.26,51.59344283393125,1.91,8.84,180.3,11442
top,Malphite,malphite,223692,2.56,51.75330364966114,6.86,30.61,177.73,11424
top,Singed,singed,119347,1.83,51.75580450283627,3.66,1.73,233.41,12930
top,Syndra,syndra,1731,2.04,51.76198729058348,0.05,4.07,198.82,12770
top,Kled,kled,55640,2.14,51.77210639827462,1.71,0.97,177.56,12381
top,Yorick,yorick,177097,1.84,51.89359503548903,5.43,14.49,208.13,12778
top,Dr. Mundo,drmundo,243461,1.94,51.917144840446724,7.46,17.8,195.48,12094
top,Sett,sett,238099,1.73,52.23625466717626,7.3,4.47,179.15,12445
top,Urgot,urgot,141588,2.03,52.24312794869622,4.34,2.9,195.42,12976
top,Hwei,hwei,1793,2.11,52.48187395426659,0.05,1.79,187.45,11839
top,Rek'Sai,reksai,7180,2.11,52.82729805013927,0.22,0.64,174.33,11849
jungle,Yuumi,yuumi,370,1.53,13.243243243243244,0.01,2.45,66.89,6211
jungle,Renata Glasc,renata,25,1.36,16.0,0.0,0.1,104.52,7578
jungle,Azir,azir,69,1.15,18.84057971014493,0.0,0.28,164.75,10524
jungle,Soraka,soraka,138,2.19,19.565217391304348,0.0,2.15,117.72,8796
jungle,Milio,milio,45,1.77,20.0,0.0,4.66,103.98,8155
jungle,Gangplank,gangplank,147,1.59,21.768707482993197,0.0,0.6,176.9,11705
jungle,Vladimir,vladimir,96,1.08,21.875,0.0,2.33,155.18,9749
jungle,Nami,nami,62,2.42,22.58064516129032,0.0,1.96,103.71,8374
jungle,Sivir,sivir,79,1.36,22.78481012658228,0.0,0.9,187.89,10631
jungle,Akali,akali,204,1.55,23.03921568627451,0.01,8.01,143.11,10919
jungle,Smolder,smolder,158,1.41,24.050632911392405,0.01,3.63,172.94,10871
jungle,Syndra,syndra,52,1.67,25.0,0.0,2.28,132.12,10239
jungle,Sona,sona,71,2.14,25.352112676056336,0.0,0.4,111.77,8876
jungle,Bard,bard,278,1.67,26.258992805755394,0.01,1.4,127.81,9435
jungle,Blitzcrank,blitzcrank,575,1.62,27.652173913043477,0.02,12.86,124.42,9732
jungle,Zoe,zoe,86,1.73,27.906976744186046,0.0,2.48,139.45,10300
jungle,Alistar,alistar,428,1.66,28.037383177570092,0.01,0.77,117.27,9187
jungle,Vel'Koz,velkoz,92,1.74,28.26086956521739,0.0,1.7,150.83,11102
jungle,Rakan,rakan,80,2.13,28.749999999999996,0.0,0.16,128.5,9974
jungle,Thresh,thresh,377,1.76,29.177718832891248,0.01,2.24,141.07,10404
jungle,Aurora,aurora,159,1.61,30.18867924528302,0.01,1.56,156.6,10990
jungle,Annie,annie,121,1.98,30.57851239669421,0.0,0.58,147.09,10759
jungle,Pyke,pyke,449,1.72,30.734966592427615,0.01,16.02,123.29,11177
jungle,Zilean,zilean,42,2.15,30.952380952380953,0.0,0.87,114.9,8621
jungle,Tristana,tristana,324,1.62,31.17283950617284,0.01,3.97,190.36,12741
jungle,Yunara,yunara,192,1.63,31.25,0.01,1.59,186.73,11683
jungle,Kalista,kalista,67,1.17,31.343283582089555,0.0,0.12,140.73,9882
jungle,Katarina,katarina,353,1.81,31.444759206798867,0.01,4.77,162.58,11814
jungle,Vex,vex,60,1.64,31.666666666666664,0.0,2.33,146.58,10458
jungle,Braum,braum,298,1.95,32.21476510067114,0.01,2.08,142.63,10448
jungle,Kog'Maw,kogmaw,164,1.85,32.31707317073171,0.01,0.5,186.43,12488
jungle,Aphelios,aphelios,117,1.47,32.47863247863248,0.0,1.87,180.31,11705
jungle,Caitlyn,caitlyn,305,1.58,32.78688524590164,0.01,14.75,184.98,12331
jungle,Ashe,ashe,506,1.7,33.39920948616601,0.02,5.68,166.87,11068
jungle,Karma,karma,107,2.34,33.64485981308411,0.0,1.44,120.68,9331
jungle,Lissandra,lissandra,142,2.26,33.80281690140845,0.0,0.44,166.77,11549
jungle,Miss Fortune,missfortune,242,1.7,33.88429752066116,0.01,16.5,183.63,12845
jungle,Lucian,lucian,121,1.69,33.88429752066116,0.0,1.31,182.78,12213
jungle,Akshan,akshan,335,1.66,34.02985074626866,0.01,3.05,155.75,11956
jungle,Fiora,fiora,243,1.65,34.15637860082305,0.01,2.92,177.27,11781
jungle,Janna,janna,99,2.25,34.34343434343434,0.0,0.54,125.26,9547
jungle,Samira,samira,290,1.5,34.48275862068966,0.01,4.24,175.02,12221
jungle,Ahri,ahri,270,2.24,34.81481481481482,0.01,3.41,176.76,11819
jungle,Renekton,renekton,720,1.62,35.41666666666667,0.02,2.22,170.17,11449
jungle,Veigar,veigar,138,1.73,35.507246376811594,0.0,2.34,170.67,11982
jungle,Mel,mel,258,2.02,35.65891472868217,0.01,35.55,171.11,12576
jungle,Kassadin,kassadin,182,1.49,35.714285714285715,0.01,0.99,164.89,11993
jungle,Jhin,jhin,755,2.35,36.29139072847682,0.02,3.74,184.9,12918
jungle,Ezreal,ezreal,693,2.27,36.79653679653679,0.02,1.54,186.34,12277
jungle,Yasuo,yasuo,972,1.57,37.03703703703704,0.03,15.47,191.38,11944
jungle,Lux,lux,372,2.09,37.096774193548384,0.01,11.5,154.62,11147
jungle,Lulu,lulu,159,1.94,37.10691823899371,0.01,2.44,155.37,10402
jungle,Hwei,hwei,51,1.88,37.254901960784316,0.0,1.18,159.86,10638
jungle,LeBlanc,leblanc,74,2.39,37.83783783783784,0.0,4.61,147.7,11484
jungle,Kennen,kennen,214,1.94,37.850467289719624,0.01,0.66,172.57,11854
jungle,Corki,corki,449,2.04,37.8619153674833,0.01,0.28,203.27,12908
jungle,Ziggs,ziggs,126,1.71,38.88888888888889,0.0,0.87,166.25,11349
jungle,Twisted Fate,twistedfate,954,1.87,39.098532494758906,0.03,0.24,173.91,12847
jungle,Malzahar,malzahar,715,1.95,39.16083916083916,0.02,15.25,203.58,12522
jungle,Swain,swain,393,2.33,39.44020356234097,0.01,6.82,166.34,11645
jungle,Twitch,twitch,6331,2.16,39.74095719475596,0.19,7.78,168.51,13248
jungle,Xerath,xerath,176,2.55,39.77272727272727,0.01,3.7,169.68,12431
jungle,Jinx,jinx,455,2.04,40.21978021978022,0.01,3.94,196.65,12256
jungle,Cassiopeia,cassiopeia,233,1.87,40.343347639484975,0.01,0.69,180.22,11727
jungle,Seraphine,seraphine,227,2.33,40.52863436123348,0.01,1.83,159.99,11057
jungle,Yone,yone,1925,1.77,40.98701298701299,0.06,4.25,195.78,12338
jungle,Ryze,ryze,483,2.19,40.993788819875775,0.01,0.38,199.73,12812
jungle,Kai'Sa,kaisa,1665,2.16,41.08108108108108,0.05,1.6,204.19,13456
jungle,Quinn,quinn,1882,1.98,41.445270988310305,0.06,2.67,168.96,12782
jungle,Garen,garen,6903,1.99,41.59061277705345,0.21,7.77,190.77,12561
jungle,Gnar,gnar,765,1.92,41.69934640522876,0.02,0.43,182.75,12281
jungle,Viktor,viktor,43,1.71,41.86046511627907,0.0,1.4,163.6,11343
jungle,Camille,camille,757,2.16,42.800528401585204,0.02,0.81,169.61,12405
jungle,Illaoi,illaoi,292,1.71,42.80821917808219,0.01,6.9,172.89,11754
jungle,Heimerdinger,heimerdinger,1147,1.67,43.24324324324324,0.04,3.85,172.7,11936
jungle,Galio,galio,1002,2.29,43.31337325349301,0.03,2.4,156.49,10986
jungle,Nilah,nilah,480,1.8,43.333333333333336,0.01,2.26,206.82,13286
jungle,Senna,senna,131,2.54,43.51145038167939,0.0,0.76,168.17,12918
jungle,K'Sante,ksante,511,2.1,43.6399217221135,0.02,0.83,165.73,10990
jungle,Leona,leona,1021,2.37,44.07443682664055,0.03,6.54,134.66,10645
jungle,Qiyana,qiyana,41644,2.24,44.69071174719047,1.28,1.8,191.61,13189
jungle,Rell,rell,351,2.76,44.729344729344724,0.01,0.41,129.95,10447
jungle,Varus,varus,248,2.07,45.16129032258064,0.01,0.38,171.06,12462
jungle,Anivia,anivia,296,2.06,45.608108108108105,0.01,1.62,163.39,10987
jungle,Kayle,kayle,1738,2.19,45.742232451093216,0.05,4.91,220.63,13524
jungle,Neeko,neeko,2947,2.52,45.77536477774007,0.09,1.4,179.33,12172
jungle,Fizz,fizz,9974,2.35,45.79907760176459,0.31,12.27,173.85,12855
jungle,Irelia,irelia,593,1.77,46.0370994940978,0.02,6.2,193.04,12574
jungle,Nidalee,nidalee,43036,2.59,46.210149642160054,1.32,0.23,171.9,12248
jungle,Ornn,ornn,6040,2.59,46.50662251655629,0.19,0.49,175.3,11374
jungle,Zeri,zeri,1533,2.36,46.51011089367253,0.05,0.3,215.82,13755
jungle,Skarner,skarner,24208,2.71,46.682914738929284,0.74,0.14,162.41,11278
jungle,Gragas,gragas,12523,2.48,46.73800207617983,0.38,0.5,172.86,12081
jungle,Vayne,vayne,3196,2.05,46.7459324155194,0.1,7.22,179.93,12893
jungle,Kled,kled,596,2.39,46.81208053691275,0.02,0.82,156.45,12015
jungle,Aatrox,aatrox,47222,2.29,46.901867773495404,1.45,7.9,181.91,11999
jungle,Rengar,rengar,131345,2.22,46.95268186836194,4.03,4.58,195.33,13244
jungle,Lee Sin,leesin,134573,2.63,47.071849479464674,4.13,1.74,171.18,12324
jungle,Tahm Kench,tahmkench,1165,2.4,47.21030042918455,0.04,2.95,149.9,11391
jungle,Aurelion Sol,aurelionsol,1405,2.4,47.25978647686833,0.04,1.44,190.54,13362
jungle,Naafiri,naafiri,54934,2.58,47.32406160119416,1.68,6.32,185.03,12900
jungle,Sylas,sylas,128388,2.4,47.37670187244914,3.94,14.49,174.87,12379
jungle,Urgot,urgot,2749,2.33,47.6900691160422,0.08,2.71,197.27,13272
jungle,Pantheon,pantheon,41135,2.5,47.723349945302054,1.26,3.12,162.16,12298
jungle,Riven,riven,16188,2.37,48.06029157400544,0.5,3.46,191.01,12963
jungle,Nautilus,nautilus,7021,2.67,48.07007548782225,0.22,8.99,161.36,11179
jungle,Zaahen,zaahen,61710,2.25,48.15426997245179,1.89,23.62,176.01,12073
jungle,Zed,zed,64194,2.52,48.18363086892856,1.97,14.34,202.24,13850
jungle,Bel'Veth,belveth,71904,2.26,48.27825990209168,2.2,3.77,188.78,12618
jungle,Vi,vi,92944,2.31,48.393656395248755,2.85,0.47,177.82,12306
jungle,Hecarim,hecarim,103598,2.67,48.42468001312767,3.18,2.03,201.76,12730
jungle,Singed,singed,5501,2.45,48.42755862570442,0.17,1.69,195.35,12297
jungle,Karthus,karthus,51966,2.38,48.614478697609975,1.59,0.7,219.94,14423
jungle,Kha'Zix,khazix,150848,2.45,48.66753288078065,4.62,2.69,184.53,13348
jungle,Darius,darius,18610,2.18,48.672756582482535,0.57,12.57,186.72,12584
jungle,Taric,taric,2970,2.6,48.78787878787879,0.09,0.57,149.83,10631
jungle,Jayce,jayce,54087,2.69,48.87680958455821,1.66,1.72,204.65,14653
jungle,Taliyah,taliyah,10066,2.58,48.95688456189152,0.31,0.29,205.57,13199
jungle,Kindred,kindred,110656,2.19,49.021291208791204,3.39,2.74,182.16,12974
jungle,Xin Zhao,xinzhao,81984,2.34,49.02663934426229,2.51,0.72,172.37,12028
jungle,Talon,talon,88134,2.5,49.0412326684367,2.7,2.44,207.48,13528
jungle,Tryndamere,tryndamere,19442,2.08,49.17703939923876,0.6,3.83,209.96,13324
jungle,Sejuani,sejuani,58257,3.0,49.18035600871998,1.79,0.18,168.95,11595
jungle,Shen,shen,13869,3.04,49.18883841661259,0.43,0.92,167.61,11544
jungle,Poppy,poppy,19948,2.55,49.23801884900742,0.61,2.26,166.78,11639
jungle,Ambessa,ambessa,32085,2.57,49.28782920367773,0.98,4.56,194.35,13009
jungle,Maokai,maokai,9554,2.82,49.35105714883819,0.29,0.4,159.75,11065
jungle,Elise,elise,49716,2.47,49.35835545900716,1.52,1.17,167.5,12444
jungle,Rek'Sai,reksai,47758,2.79,49.411616901880315,1.46,0.65,170.83,12339
jungle,Cho'Gath,chogath,36782,2.5,49.7933771953673,1.13,2.14,181.57,12360
jungle,Graves,graves,127164,2.53,49.81284011198138,3.9,1.98,211.55,13822
jungle,Trundle,trundle,79533,2.43,49.82711578841487,2.44,1.58,175.79,12321
jungle,Olaf,olaf,13817,2.14,49.844394586379096,0.42,1.06,189.25,12818
jungle,Master Yi,masteryi,264226,2.02,49.974642919319066,8.1,20.6,185.99,13243
jungle,Viego,viego,306920,2.37,49.980125114036234,9.41,8.15,187.1,13248
jungle,Shyvana,shyvana,64537,2.34,49.99302725568279,1.98,0.31,211.6,12856
jungle,Fiddlesticks,fiddlesticks,87163,2.56,50.00516274107133,2.67,1.6,178.16,12523
jungle,Brand,brand,13624,2.39,50.066059894304175,0.42,6.6,190.51,12616
jungle,Kayn,kayn,259506,2.29,50.1448906769015,7.96,8.19,186.13,12866
jungle,Wukong,monkeyking,77988,2.65,50.146176334820744,2.39,0.72,177.94,12348
jungle,Evelynn,evelynn,88807,2.79,50.35413875032374,2.72,2.81,167.01,12606
jungle,Ekko,ekko,141322,2.64,50.38847454748729,4.33,3.69,190.57,13283
jungle,Diana,diana,283460,2.36,50.396528610738734,8.69,11.9,203.31,13044
jungle,Zac,zac,83511,3.27,50.46999796434003,2.56,1.36,169.06,11741
jungle,Shaco,shaco,163922,2.74,50.478886299581504,5.03,22.86,173.86,12772
jungle,Gwen,gwen,72225,2.32,50.485289027345104,2.21,7.28,201.42,13364
jungle,Udyr,udyr,107627,2.49,50.487331245876966,3.3,2.0,194.94,12541
jungle,Nocturne,nocturne,161644,2.55,50.52213506223553,4.96,6.65,189.65,12941
jungle,Zyra,zyra,19676,2.75,50.57938605407604,0.6,6.34,209.64,12749
jungle,Morgana,morgana,15240,2.85,50.61679790026247,0.47,23.26,185.12,12172
jungle,Jarvan IV,jarvaniv,143751,3.26,50.63616948751661,4.41,1.45,177.34,12409
jungle,Ivern,ivern,48055,3.53,50.696077411299555,1.47,0.68,154.76,11162
jungle,Sett,sett,7461,2.09,50.95831657954698,0.23,4.36,179.99,12375
jungle,Nunu & Willump,nunu,138220,2.69,51.161915786427436,4.24,2.29,165.97,11682
jungle,Lillia,lillia,128623,2.82,51.16347776058714,3.94,3.57,192.42,12753
jungle,Warwick,warwick,247195,2.24,51.17498331276927,7.58,10.51,167.52,12616
jungle,Yorick,yorick,10420,2.53,51.27639155470249,0.32,14.3,194.6,12600
jungle,Nasus,nasus,21954,2.54,51.375603534663384,0.67,3.89,180.84,12677
jungle,Jax,jax,194291,2.22,51.47742304069669,5.96,12.66,178.95,12609
jungle,Malphite,malphite,154775,2.91,51.60910999838475,4.75,30.6,190.22,12431
jungle,Rumble,rumble,9457,2.74,51.68658136829861,0.29,0.45,191.88,13157
jungle,Volibear,volibear,172042,2.46,51.702491252136106,5.27,4.78,177.57,12286
jungle,Rammus,rammus,90458,3.02,51.87269229918857,2.77,4.92,161.71,11423
jungle,Sion,sion,18122,2.54,51.903763381525216,0.56,2.25,194.09,12811
jungle,Orianna,orianna,52,2.49,51.92307692307693,0.0,0.46,171.56,11047
jungle,Dr. Mundo,drmundo,121827,2.83,52.158388534561304,3.73,17.8,186.11,12126
jungle,Xayah,xayah,69,2.01,52.17391304347826,0.0,0.3,218.2,13709
jungle,Teemo,teemo,57739,2.28,52.188295606089476,1.77,18.28,191.65,12606
jungle,Mordekaiser,mordekaiser,32567,2.31,52.7097982620444,1.0,12.1,183.91,12690
jungle,Briar,briar,258454,2.25,52.803593676244134,7.92,17.98,180.81,13276
jungle,Amumu,amumu,221562,2.52,52.94815898033056,6.79,6.74,171.49,11825
jungle,Draven,draven,977,2.38,53.12180143295804,0.03,10.48,191.98,14090
mid,Yuumi,yuumi,560,2.24,18.75,0.02,2.71,55.46,6296
mid,Braum,braum,114,1.71,28.07017543859649,0.0,1.82,94.39,8469
mid,Rengar,rengar,111,1.59,28.82882882882883,0.0,3.15,152.48,11561
mid,Hecarim,hecarim,131,1.42,30.53435114503817,0.0,1.37,146.02,10192
mid,Blitzcrank,blitzcrank,1211,1.86,35.177539223782,0.04,14.07,110.18,10007
mid,Bard,bard,828,2.05,38.164251207729464,0.03,1.66,133.02,10045
mid,Kha'Zix,khazix,551,1.77,38.294010889292196,0.02,2.17,140.04,11036
mid,Yunara,yunara,2213,1.56,38.49977406235879,0.07,2.14,191.66,12091
mid,Skarner,skarner,271,1.65,39.11439114391143,0.01,0.11,140.33,10022
mid,Thresh,thresh,1169,1.99,39.17878528656972,0.04,2.83,155.48,11048
mid,Renata Glasc,renata,122,1.96,39.34426229508197,0.0,0.09,124.05,9446
mid,Sona,sona,669,2.19,41.25560538116592,0.02,0.67,109.15,9352
mid,Amumu,amumu,404,1.57,41.584158415841586,0.01,4.99,133.8,10555
mid,Nami,nami,338,2.0,42.01183431952663,0.01,2.07,99.54,8308
mid,Ezreal,ezreal,10027,1.98,42.09633988231774,0.31,1.86,181.49,12126
mid,Shyvana,shyvana,1311,1.73,42.33409610983982,0.04,0.29,186.62,11978
mid,Xayah,xayah,815,1.62,42.576687116564415,0.02,0.44,192.62,12359
mid,Kindred,kindred,1323,1.87,42.63038548752834,0.04,2.52,165.42,12275
mid,Lulu,lulu,1322,2.18,42.88956127080182,0.04,3.38,137.72,9876
mid,Sivir,sivir,2615,1.96,43.09751434034417,0.08,2.32,230.12,12877
mid,Kalista,kalista,1287,1.68,43.12354312354312,0.04,0.18,193.32,12977
mid,Milio,milio,658,2.66,43.46504559270517,0.02,5.4,145.26,9694
mid,Alistar,alistar,1135,2.07,43.61233480176212,0.03,0.89,125.95,10448
mid,Nilah,nilah,419,1.48,43.67541766109785,0.01,2.16,186.06,12415
mid,Lucian,lucian,6264,1.85,43.77394636015325,0.19,2.52,200.13,12612
mid,Soraka,soraka,1314,2.72,43.987823439878234,0.04,2.79,124.08,8816
mid,K'Sante,ksante,2417,1.98,44.4766239139429,0.07,1.0,174.47,10959
mid,Leona,leona,528,1.99,44.88636363636363,0.02,5.93,124.65,10278
mid,Rell,rell,220,2.51,45.0,0.01,0.43,125.55,9768
mid,Caitlyn,caitlyn,10522,1.82,45.0769815624406,0.32,20.97,194.61,12981
mid,Lee Sin,leesin,3659,1.99,45.09428805684613,0.11,1.68,163.93,12267
mid,Rakan,rakan,1302,2.68,45.16129032258064,0.04,0.21,141.03,10577
mid,Jinx,jinx,2483,1.89,45.18727345952477,0.08,4.77,184.31,12231
mid,Ashe,ashe,7690,2.15,45.21456436931079,0.24,6.98,163.11,11119
mid,Miss Fortune,missfortune,9095,2.04,45.55250137438153,0.28,20.69,184.48,12787
mid,Kai'Sa,kaisa,8509,2.1,45.56352097778822,0.26,1.68,197.26,13270
mid,Azir,azir,57673,1.86,45.6851559655298,1.77,0.47,201.96,12182
mid,Karthus,karthus,7419,2.16,45.720447499663024,0.23,0.69,192.71,12979
mid,Corki,corki,8593,1.97,45.81636215524264,0.26,0.34,210.25,12914
mid,Senna,senna,2014,2.52,45.8291956305859,0.06,1.2,162.37,12060
mid,Draven,draven,3425,1.72,45.956204379562045,0.11,12.21,190.13,13260
mid,Vi,vi,2372,1.95,46.079258010118046,0.07,0.45,163.36,12511
mid,Varus,varus,12549,1.98,46.2347597418121,0.38,0.53,176.53,12821
mid,Nidalee,nidalee,4888,2.16,46.58346972176759,0.15,0.23,146.13,11224
mid,Janna,janna,356,2.43,46.62921348314607,0.01,0.67,133.84,9484
mid,Ivern,ivern,1177,2.6,46.728971962616825,0.04,0.61,139.42,10142
mid,Nautilus,nautilus,2335,2.19,46.76659528907923,0.07,8.67,149.07,10293
mid,Ornn,ornn,2561,2.42,46.8566966028895,0.08,0.47,168.76,10766
mid,Mel,mel,192400,2.32,46.96621621621622,5.9,49.11,194.33,12805
mid,Trundle,trundle,1260,1.49,46.98412698412698,0.04,1.39,177.11,12214
mid,Kayn,kayn,1711,1.86,47.04850964348334,0.05,7.59,172.87,12350
mid,Zeri,zeri,2847,1.95,47.10221285563752,0.09,0.31,206.74,13095
mid,Aphelios,aphelios,3229,1.59,47.10436667698978,0.1,3.5,188.89,12776
mid,Taliyah,taliyah,43610,2.15,47.22770006879156,1.34,0.3,195.06,11799
mid,Rammus,rammus,470,2.29,47.23404255319149,0.01,3.79,120.54,9695
mid,Camille,camille,2197,2.04,47.51934456076468,0.07,0.89,155.34,11607
mid,Smolder,smolder,37466,2.05,47.600491111941494,1.15,5.68,219.65,12972
mid,Orianna,orianna,108999,2.55,47.6141982953972,3.34,0.75,194.67,11713
mid,Samira,samira,2585,1.72,47.81431334622824,0.08,5.58,182.43,13116
mid,Volibear,volibear,2828,1.8,47.84299858557284,0.09,4.48,170.84,12044
mid,Lillia,lillia,1251,2.05,47.88169464428457,0.04,3.25,166.79,11825
mid,Qiyana,qiyana,59753,2.1,47.95909828795207,1.83,1.81,174.86,12389
mid,Tristana,tristana,21028,1.98,48.05021875594446,0.64,5.19,192.06,13119
mid,Shaco,shaco,1795,2.15,48.07799442896936,0.06,21.06,128.91,10594
mid,Kog'Maw,kogmaw,6276,2.07,48.167622689611214,0.19,0.73,193.38,12772
mid,Darius,darius,4362,1.88,48.211829436038514,0.13,12.22,180.3,12442
mid,Jhin,jhin,9147,2.46,48.25625888269378,0.28,4.37,186.02,12921
mid,Twisted Fate,twistedfate,100621,2.25,48.43124198725912,3.08,0.28,182.85,12777
mid,Sylas,sylas,141249,2.04,48.47892728444096,4.33,14.49,151.17,11223
mid,Cassiopeia,cassiopeia,38026,2.02,48.54310208804502,1.17,1.02,186.74,11758
mid,Zoe,zoe,99403,2.45,48.586058770862046,3.05,3.47,165.5,11482
mid,Gwen,gwen,5970,1.79,48.62646566164155,0.18,7.08,182.36,12657
mid,LeBlanc,leblanc,101148,2.72,48.64554909637363,3.1,8.33,166.15,11900
mid,Ryze,ryze,74411,2.23,48.650065178535435,2.28,0.49,213.18,12384
mid,Katarina,katarina,206911,2.27,48.74221283547032,6.34,6.61,169.31,12546
mid,Sejuani,sejuani,2732,2.46,48.82869692532943,0.08,0.17,174.81,11618
mid,Fiora,fiora,2245,1.58,48.8641425389755,0.07,3.58,176.46,12500
mid,Jayce,jayce,19946,2.15,48.942143788228215,0.61,1.72,198.86,12709
mid,Gnar,gnar,2618,2.23,48.96867838044309,0.08,0.48,167.15,11832
mid,Akshan,akshan,111424,2.24,48.975086157380815,3.42,3.9,182.25,13312
mid,Aurora,aurora,76309,2.43,48.98635809668585,2.34,2.16,181.56,11806
mid,Shen,shen,5791,2.82,49.00707995164911,0.18,0.91,153.15,10813
mid,Maokai,maokai,1075,2.03,49.02325581395349,0.03,0.36,149.1,10353
mid,Twitch,twitch,15272,2.24,49.03090623363017,0.47,7.84,160.35,12568
mid,Annie,annie,59663,2.2,49.04714814876892,1.83,0.84,163.27,11511
mid,Gragas,gragas,8924,2.3,49.058718063648584,0.27,0.5,172.73,11568
mid,Neeko,neeko,25310,2.3,49.1149743184512,0.78,1.46,167.1,11429
mid,Yone,yone,179306,1.78,49.12105562557862,5.5,4.6,196.28,12251
mid,Poppy,poppy,930,2.22,49.13978494623656,0.03,2.02,152.07,11168
mid,Jax,jax,3427,1.72,49.197548876568426,0.11,12.15,167.76,12406
mid,Udyr,udyr,1453,1.84,49.208534067446664,0.04,1.86,187.81,11981
mid,Nunu & Willump,nunu,3807,2.38,49.225111636459154,0.12,2.14,140.55,11054
mid,Viego,viego,4938,2.09,49.23045767517213,0.15,7.95,173.13,12674
mid,Ambessa,ambessa,6872,2.06,49.330616996507565,0.21,4.51,175.96,11920
mid,Xin Zhao,xinzhao,5331,1.9,49.37160007503283,0.16,0.7,165.15,12311
mid,Seraphine,seraphine,12378,2.85,49.42640168040071,0.38,2.68,169.92,11079
mid,Akali,akali,221235,2.32,49.45148823649061,6.78,11.8,165.99,11969
mid,Graves,graves,3613,1.91,49.46028231386659,0.11,1.92,207.49,13459
mid,Warwick,warwick,1393,1.93,49.46159368269921,0.04,9.43,162.87,12292
mid,Karma,karma,8615,2.66,49.47185142193848,0.26,2.2,162.53,10593
mid,Vladimir,vladimir,76452,2.19,49.51342018521425,2.34,3.53,195.94,12055
mid,Zed,zed,168939,2.31,49.53267155600542,5.18,14.37,183.85,12922
mid,Aatrox,aatrox,3750,2.07,49.6,0.11,7.7,172.88,11862
mid,Zaahen,zaahen,8383,1.82,49.612310628653226,0.26,23.37,168.24,11585
mid,Gangplank,gangplank,16646,2.38,49.717649885858464,0.51,1.01,208.76,14296
mid,Lissandra,lissandra,63219,2.34,49.74137521947516,1.94,0.7,187.79,11702
mid,Vex,vex,109839,2.3,49.771938928795784,3.37,3.55,175.73,11798
mid,Galio,galio,116443,2.75,49.78573207492077,3.57,2.71,168.44,10750
mid,Ziggs,ziggs,44803,2.46,49.80470057808628,1.37,1.25,200.42,12511
mid,Kassadin,kassadin,75065,2.37,49.81815759674949,2.3,1.5,179.75,12663
mid,Hwei,hwei,100080,2.4,49.85811350919265,3.07,1.97,188.58,11767
mid,Pyke,pyke,3177,2.45,49.9213094113944,0.1,19.21,115.41,11687
mid,Ahri,ahri,333327,2.51,49.93024867472482,10.22,4.82,185.42,11811
mid,Elise,elise,2474,1.98,49.95957962813258,0.08,1.11,150.19,11971
mid,Talon,talon,52017,2.26,50.0509448834035,1.59,2.44,183.82,12798
mid,Master Yi,masteryi,5347,1.81,50.12156349354778,0.16,19.99,165.41,12964
mid,Bel'Veth,belveth,624,2.09,50.16025641025641,0.02,3.17,176.45,12219
mid,Syndra,syndra,183404,2.32,50.34350395847419,5.62,4.51,201.41,12845
mid,Cho'Gath,chogath,35591,2.17,50.3666657301003,1.09,2.14,177.95,11935
mid,Rek'Sai,reksai,1192,2.2,50.41946308724832,0.04,0.59,156.28,12484
mid,Wukong,monkeyking,3948,2.19,50.607902735562305,0.12,0.7,164.31,12423
mid,Jarvan IV,jarvaniv,2848,2.56,50.63202247191011,0.09,1.4,176.82,12955
mid,Vayne,vayne,6518,1.89,50.67505369745321,0.2,7.39,177.53,12548
mid,Yasuo,yasuo,288095,1.74,50.72007497526857,8.83,17.57,202.52,12445
mid,Olaf,olaf,1434,1.79,50.767085076708504,0.04,0.97,180.0,12712
mid,Nocturne,nocturne,2260,2.09,50.796460176991154,0.07,6.24,185.15,12896
mid,Pantheon,pantheon,29187,2.32,50.82057080206941,0.89,3.12,151.7,12131
mid,Anivia,anivia,83551,2.69,50.97245993465069,2.56,2.11,190.39,11756
mid,Ekko,ekko,135351,2.28,51.00147025142038,4.15,3.69,180.85,12561
mid,Aurelion Sol,aurelionsol,105569,2.53,51.0036090140098,3.24,1.59,197.49,12786
mid,Kennen,kennen,28988,2.27,51.01421277770112,0.89,0.96,168.28,11851
mid,Irelia,irelia,74864,1.78,51.01918144902757,2.3,7.56,212.87,13426
mid,Zyra,zyra,12031,2.31,51.0431385587233,0.37,6.32,174.81,11354
mid,Yorick,yorick,11131,1.94,51.10951396999371,0.34,14.3,203.63,12570
mid,Diana,diana,135542,2.07,51.129539183426544,4.16,11.89,173.3,12568
mid,Xerath,xerath,119687,2.99,51.21943068169475,3.67,5.23,186.24,12310
mid,Tryndamere,tryndamere,13619,1.84,51.23724208825905,0.42,3.8,212.13,13482
mid,Urgot,urgot,3594,2.04,51.27991096271563,0.11,2.77,184.27,12732
mid,Viktor,viktor,168791,2.34,51.32856609653358,5.17,2.32,198.4,12084
mid,Heimerdinger,heimerdinger,34070,1.91,51.3472262987966,1.04,4.44,179.29,11774
mid,Lux,lux,188236,2.78,51.39293227650397,5.77,14.87,182.8,11934
mid,Teemo,teemo,22499,1.97,51.44228632383662,0.69,18.23,171.3,11932
mid,Quinn,quinn,20751,2.28,51.448122982024955,0.64,2.84,171.79,13060
mid,Vel'Koz,velkoz,46740,2.43,51.48267008985879,1.43,2.54,182.51,12118
mid,Veigar,veigar,223764,2.35,51.48996263920916,6.86,3.35,190.41,12661
mid,Fizz,fizz,186542,2.38,51.510115684403516,5.72,12.51,168.4,12752
mid,Naafiri,naafiri,122176,2.51,51.516664484023046,3.75,6.33,184.67,12959
mid,Kayle,kayle,50173,2.14,51.5356865246248,1.54,5.48,217.35,12841
mid,Briar,briar,8628,1.88,51.54149281409365,0.26,17.69,155.01,12693
mid,Malzahar,malzahar,294840,2.19,51.559829059829056,9.04,18.23,221.95,12778
mid,Riven,riven,11807,2.13,51.56263233674938,0.36,3.46,181.03,12756
mid,Nasus,nasus,12023,2.13,51.634367462363805,0.37,3.86,182.04,12012
mid,Dr. Mundo,drmundo,19909,1.95,51.644984680295345,0.61,17.62,191.68,12144
mid,Renekton,renekton,7732,2.15,51.68132436627004,0.24,2.63,188.9,12354
mid,Malphite,malphite,44480,2.57,51.80980215827338,1.36,30.54,164.04,11598
mid,Evelynn,evelynn,980,2.55,51.93877551020408,0.03,2.48,120.29,11502
mid,Rumble,rumble,8733,2.46,51.97526623153556,0.27,0.45,176.12,12109
mid,Zilean,zilean,8919,3.48,52.01255746159883,0.27,1.15,168.05,10323
mid,Fiddlesticks,fiddlesticks,5235,2.1,52.18720152817574,0.16,1.57,143.09,11184
mid,Morgana,morgana,73847,2.83,52.21336005524937,2.26,23.49,172.8,11240
mid,Garen,garen,22141,2.22,52.32825978953074,0.68,7.84,204.62,13238
mid,Illaoi,illaoi,4256,1.53,52.349624060150376,0.13,9.04,183.8,11869
mid,Brand,brand,75351,2.17,52.40673647330494,2.31,6.69,173.19,11678
mid,Tahm Kench,tahmkench,3893,2.46,52.53018237862831,0.12,3.18,144.48,11239
mid,Mordekaiser,mordekaiser,9284,2.08,52.595863851788025,0.28,11.93,167.11,11906
mid,Sion,sion,25075,1.69,52.82153539381854,0.77,2.25,213.13,13172
mid,Kled,kled,3874,2.31,53.07176045431079,0.12,0.94,166.24,12605
mid,Swain,swain,96528,2.59,53.27158959058511,2.96,8.86,173.37,11489
mid,Zac,zac,5729,2.79,53.36009774829813,0.18,1.33,160.62,11327
mid,Singed,singed,5953,2.59,54.224760624895005,0.18,1.68,209.62,12385
mid,Sett,sett,6756,1.89,54.42569567791593,0.21,4.36,170.57,12317
mid,Taric,taric,473,2.94,60.25369978858352,0.01,0.47,72.72,7910
adc,Yuumi,yuumi,474,2.4,20.464135021097047,0.01,2.68,49.0,6320
adc,Braum,braum,80,1.75,21.25,0.0,1.62,90.24,8007
adc,Rakan,rakan,72,2.35,29.166666666666668,0.0,0.17,112.22,9172
adc,Nunu & Willump,nunu,161,1.61,31.67701863354037,0.0,1.16,104.11,9478
adc,Bard,bard,282,1.86,32.62411347517731,0.01,1.45,135.11,10547
adc,Ivern,ivern,189,2.1,32.804232804232804,0.01,0.5,112.1,9349
adc,Blitzcrank,blitzcrank,466,1.88,33.261802575107296,0.01,12.64,92.19,9718
adc,Thresh,thresh,781,1.92,33.41869398207427,0.02,2.57,144.55,11002
adc,Amumu,amumu,128,1.57,33.59375,0.0,4.79,115.53,9736
adc,Lulu,lulu,337,1.93,35.01483679525222,0.01,2.85,140.26,10565
adc,Kha'Zix,khazix,44,2.06,36.36363636363637,0.0,1.61,143.32,13156
adc,Soraka,soraka,403,2.41,36.72456575682382,0.01,2.42,105.08,8664
adc,Maokai,maokai,95,2.1,36.84210526315789,0.0,0.26,116.67,9584
adc,Hecarim,hecarim,43,1.87,37.2093023255814,0.0,1.01,140.58,10713
adc,Lee Sin,leesin,637,1.99,39.56043956043956,0.02,1.45,152.85,12600
adc,Leona,leona,260,2.15,40.38461538461539,0.01,5.59,104.53,9804
adc,K'Sante,ksante,128,1.78,40.625,0.0,0.69,150.57,10758
adc,Skarner,skarner,54,1.53,40.74074074074074,0.0,0.11,117.11,9465
adc,Alistar,alistar,208,1.97,40.86538461538461,0.01,0.7,109.16,9740
adc,Trundle,trundle,274,1.62,40.87591240875913,0.01,1.16,174.48,12822
adc,Kassadin,kassadin,156,1.81,41.02564102564102,0.01,0.91,158.01,12248
adc,Milio,milio,112,2.31,41.07142857142857,0.0,4.17,113.42,9108
adc,Illaoi,illaoi,292,1.35,41.43835616438356,0.01,6.55,149.3,10542
adc,Evelynn,evelynn,110,1.9,41.81818181818181,0.0,2.01,118.58,10634
adc,Camille,camille,196,1.72,41.83673469387755,0.01,0.69,153.4,11611
adc,Darius,darius,1101,1.75,42.32515894641235,0.03,11.12,163.39,12245
adc,Shaco,shaco,411,1.98,42.579075425790755,0.01,17.78,117.7,10722
adc,Nami,nami,206,2.69,42.71844660194174,0.01,1.97,90.52,9039
adc,Vi,vi,175,1.67,42.857142857142854,0.01,0.29,141.33,11871
adc,Janna,janna,107,2.49,42.99065420560748,0.0,0.57,105.15,8704
adc,LeBlanc,leblanc,613,2.32,43.066884176182704,0.02,6.92,145.49,11371
adc,Aatrox,aatrox,420,1.72,43.095238095238095,0.01,6.22,149.01,11088
adc,Warwick,warwick,213,1.47,43.1924882629108,0.01,7.98,144.69,12293
adc,Talon,talon,180,1.98,43.333333333333336,0.01,1.73,179.49,13758
adc,Karma,karma,528,2.62,43.371212121212125,0.02,1.8,151.76,10739
adc,Nocturne,nocturne,122,1.92,43.44262295081967,0.0,3.98,157.4,11698
adc,Gnar,gnar,775,1.89,43.74193548387097,0.02,0.43,160.78,11755
adc,Malphite,malphite,892,2.23,43.83408071748879,0.03,26.6,151.34,11815
adc,Renekton,renekton,189,1.85,43.91534391534391,0.01,1.82,171.23,11940
adc,Gragas,gragas,214,1.82,43.925233644859816,0.01,0.37,142.41,11014
adc,Renata Glasc,renata,68,2.23,44.11764705882353,0.0,0.09,158.57,12075
adc,Kindred,kindred,1565,1.97,44.15335463258786,0.05,2.53,162.56,12453
adc,Azir,azir,1031,1.79,44.51988360814743,0.03,0.42,193.38,12488
adc,Zac,zac,202,2.2,44.554455445544555,0.01,0.96,138.68,10969
adc,Kennen,kennen,1110,2.06,44.5945945945946,0.03,0.83,164.69,12087
adc,Shyvana,shyvana,96,1.52,44.79166666666667,0.0,0.2,157.01,11187
adc,Rengar,rengar,1533,1.75,44.87932159165035,0.05,4.27,162.09,12926
adc,Garen,garen,1087,1.82,44.89420423183073,0.03,6.99,178.58,12405
adc,Ornn,ornn,268,2.27,45.149253731343286,0.01,0.35,152.01,11027
adc,Volibear,volibear,347,1.43,45.24495677233429,0.01,3.61,149.8,11490
adc,Neeko,neeko,1548,2.08,45.41343669250646,0.05,1.32,154.29,11341
adc,Rumble,rumble,363,2.21,45.73002754820937,0.01,0.34,153.63,11492
adc,Xin Zhao,xinzhao,542,1.89,45.75645756457565,0.02,0.58,152.32,12189
adc,Orianna,orianna,732,2.43,45.76502732240437,0.02,0.64,181.45,11802
adc,Jayce,jayce,1188,2.17,45.79124579124579,0.04,1.53,189.11,13297
adc,Twisted Fate,twistedfate,4834,1.81,45.82126603227141,0.15,0.27,172.09,13472
adc,Sylas,sylas,659,1.8,45.82701062215478,0.02,12.61,130.65,11355
adc,Gangplank,gangplank,581,2.04,46.12736660929432,0.02,0.77,200.16,13958
adc,Tryndamere,tryndamere,793,1.72,46.15384615384615,0.02,3.06,189.69,13109
adc,Fizz,fizz,849,2.13,46.17196702002356,0.03,10.69,153.27,12374
adc,Udyr,udyr,253,1.4,46.24505928853755,0.01,1.39,169.89,11880
adc,Fiora,fiora,307,1.65,46.25407166123778,0.01,3.0,188.71,13109
adc,Sejuani,sejuani,168,2.95,46.42857142857143,0.01,0.12,142.58,11621
adc,Fiddlesticks,fiddlesticks,412,1.88,46.601941747572816,0.01,1.21,137.96,11595
adc,Rammus,rammus,208,2.46,46.63461538461539,0.01,3.08,97.02,9868
adc,Poppy,poppy,244,2.34,46.72131147540984,0.01,1.69,142.1,12390
adc,Diana,diana,537,1.79,46.74115456238361,0.02,9.08,157.81,12151
adc,Varus,varus,96519,2.19,46.753488950362105,2.96,0.53,180.37,12464
adc,Taric,taric,305,2.12,46.885245901639344,0.01,0.44,106.79,9427
adc,Pyke,pyke,558,2.4,46.95340501792115,0.02,16.34,112.52,11724
adc,Jarvan IV,jarvaniv,397,2.54,47.103274559193956,0.01,1.15,173.23,13574
adc,Viego,viego,789,2.23,47.14828897338403,0.02,7.11,168.71,13601
adc,Annie,annie,1274,2.12,47.174254317111455,0.04,0.75,157.17,11754
adc,Yunara,yunara,174434,2.13,47.17428941605421,5.35,2.25,200.02,13016
adc,Nautilus,nautilus,354,2.18,47.175141242937855,0.01,6.6,127.98,10272
adc,Dr. Mundo,drmundo,1034,1.98,47.195357833655706,0.03,15.65,175.5,11878
adc,Ryze,ryze,1205,2.13,47.21991701244813,0.04,0.45,205.61,12976
adc,Zoe,zoe,1279,2.33,47.2243940578577,0.04,3.11,149.39,11479
adc,Kalista,kalista,33926,2.02,47.28526793609621,1.04,0.2,181.16,13038
adc,Ezreal,ezreal,235884,2.47,47.34615319394278,7.23,1.88,187.03,12490
adc,Galio,galio,397,1.97,47.3551637279597,0.01,2.02,141.81,10574
adc,Yorick,yorick,917,1.98,47.43729552889858,0.03,12.49,192.04,12367
adc,Sona,sona,531,2.83,47.45762711864407,0.02,0.63,109.43,9435
adc,Lissandra,lissandra,562,2.21,47.50889679715303,0.02,0.57,180.53,12102
adc,Akali,akali,711,2.1,47.67932489451477,0.02,9.94,150.42,11660
adc,Cho'Gath,chogath,2357,2.17,47.81501909206619,0.07,1.97,167.98,12192
adc,Corki,corki,43851,2.34,47.82103030717658,1.34,0.35,203.79,13374
adc,Shen,shen,401,2.76,47.880299251870326,0.01,0.74,132.58,11126
adc,Naafiri,naafiri,1953,2.51,47.926267281105986,0.06,5.74,181.76,13231
adc,Zaahen,zaahen,1034,1.94,47.969052224371374,0.03,21.56,156.4,11858
adc,Aurora,aurora,2003,2.41,47.97803295057414,0.06,2.03,174.74,12341
adc,Sett,sett,1196,1.81,47.9933110367893,0.04,3.84,157.69,12546
adc,Pantheon,pantheon,1474,2.15,48.032564450474894,0.05,2.88,139.2,12199
adc,Anivia,anivia,2366,2.54,48.22485207100592,0.07,1.99,182.55,12328
adc,Akshan,akshan,4978,2.2,48.272398553635995,0.15,3.81,173.88,13162
adc,Lucian,lucian,232236,2.33,48.299143974233104,7.12,2.57,198.99,13172
adc,Nidalee,nidalee,809,2.41,48.331273176761435,0.02,0.2,144.38,11787
adc,Quinn,quinn,4198,2.06,48.35636017151025,0.13,2.79,165.28,13092
adc,Gwen,gwen,374,1.97,48.39572192513369,0.01,5.44,177.92,13031
adc,Graves,graves,1602,2.05,48.4394506866417,0.05,1.86,195.96,13451
adc,Draven,draven,154305,1.99,48.450147435274296,4.73,12.57,190.04,13806
adc,Kayle,kayle,1521,1.95,48.45496383957922,0.05,4.89,197.28,12586
adc,Qiyana,qiyana,268,1.86,48.507462686567166,0.01,1.36,170.31,13106
adc,Zed,zed,981,2.13,48.52191641182467,0.03,12.27,170.25,12821
adc,Kai'Sa,kaisa,325736,2.38,48.53961490286613,9.99,1.71,197.0,13244
adc,Jax,jax,792,1.91,48.61111111111111,0.02,10.66,151.22,12279
adc,Elise,elise,193,1.99,48.704663212435236,0.01,0.8,130.39,12577
adc,Mel,mel,42851,2.5,48.7246505332431,1.31,48.95,192.7,13212
adc,Urgot,urgot,1238,2.18,48.78836833602585,0.04,2.5,176.53,12761
adc,Rek'Sai,reksai,47,1.86,48.93617021276596,0.0,0.43,111.94,10880
adc,Riven,riven,953,2.11,49.00314795383001,0.03,2.89,172.78,12385
adc,Teemo,teemo,7385,1.95,49.24847664184157,0.23,17.94,163.45,11979
adc,Caitlyn,caitlyn,549782,2.15,49.322640610278256,16.85,21.26,194.86,13146
adc,Katarina,katarina,2798,2.43,49.46390278770551,0.09,6.28,165.7,13138
adc,Samira,samira,163172,2.14,49.4809158434045,5.0,5.87,180.9,13626
adc,Zeri,zeri,92109,2.31,49.49679184444517,2.82,0.33,209.94,13568
adc,Irelia,irelia,2742,1.84,49.52589350838804,0.08,7.22,204.29,13484
adc,Tristana,tristana,263995,2.29,49.54146858842024,8.09,5.22,183.09,13160
adc,Ashe,ashe,401039,2.27,49.54804894287089,12.29,7.14,175.46,12004
adc,Vladimir,vladimir,2254,2.35,49.556344276841166,0.07,3.38,204.18,13085
adc,Xayah,xayah,107689,2.28,49.62902432003269,3.3,0.52,200.11,12861
adc,Senna,senna,22773,2.84,49.72555218899574,0.7,1.28,165.55,12400
adc,Lillia,lillia,209,2.46,49.760765550239235,0.01,2.51,169.3,13067
adc,Ahri,ahri,2874,2.3,49.79123173277662,0.09,4.56,171.33,11714
adc,Mordekaiser,mordekaiser,1586,2.02,49.810844892812106,0.05,11.04,157.57,12278
adc,Cassiopeia,cassiopeia,4533,2.16,49.87866754908449,0.14,0.99,186.14,12408
adc,Ekko,ekko,1062,2.1,49.90583804143126,0.03,3.04,171.93,12963
adc,Kled,kled,535,2.11,49.90654205607476,0.02,0.78,145.29,12462
adc,Heimerdinger,heimerdinger,7035,1.97,49.96446339729922,0.22,4.34,169.44,11899
adc,Twitch,twitch,173125,2.32,49.99220216606498,5.31,7.95,172.09,13147
adc,Rell,rell,26,1.87,50.0,0.0,0.29,104.12,9763
adc,Singed,singed,1677,2.13,50.029815146094215,0.05,1.54,206.11,13042
adc,Vex,vex,992,2.07,50.1008064516129,0.03,3.09,163.84,11914
adc,Olaf,olaf,471,1.84,50.10615711252654,0.01,0.84,182.65,13010
adc,Jhin,jhin,509336,2.78,50.19967172946739,15.61,4.44,186.62,13097
adc,Aphelios,aphelios,217669,1.98,50.2492316315139,6.67,3.71,193.12,13252
adc,Yone,yone,3671,1.82,50.258785072187415,0.11,4.4,188.05,12499
adc,Bel'Veth,belveth,369,2.3,50.40650406504065,0.01,2.84,169.44,12914
adc,Wukong,monkeyking,604,2.44,50.496688741721854,0.02,0.58,159.93,12276
adc,Briar,briar,986,1.78,50.50709939148072,0.03,16.15,149.48,13393
adc,Jinx,jinx,488850,2.28,50.6095939449729,14.99,5.2,194.82,12707
adc,Vayne,vayne,277323,2.14,50.64130995265449,8.5,7.55,175.81,12692
adc,Syndra,syndra,6911,2.36,50.67284039936334,0.21,4.4,198.9,13027
adc,Sivir,sivir,187347,2.51,50.67815337315249,5.74,2.46,226.39,13510
adc,Kayn,kayn,132,1.83,50.75757575757576,0.0,5.71,159.67,12185
adc,Malzahar,malzahar,6577,2.2,50.81344077847043,0.2,17.81,220.73,13227
adc,Master Yi,masteryi,2154,1.93,50.974930362116986,0.07,19.31,163.98,13725
adc,Nasus,nasus,692,2.04,51.15606936416185,0.02,3.31,176.92,11954
adc,Smolder,smolder,342698,2.45,51.30931607421111,10.51,5.7,211.51,13286
adc,Hwei,hwei,14339,2.62,51.370388451077474,0.44,1.95,189.87,12166
adc,Zilean,zilean,885,3.45,51.41242937853108,0.03,1.03,160.77,10602
adc,Ziggs,ziggs,65466,2.49,51.419057220541966,2.01,1.26,194.83,12549
adc,Sion,sion,3481,1.81,51.479459925308824,0.11,2.17,183.95,13147
adc,Kog'Maw,kogmaw,59420,2.15,51.48098283406261,1.82,0.74,179.97,12995
adc,Morgana,morgana,2978,2.87,51.74613834788448,0.09,21.93,155.09,11250
adc,Seraphine,seraphine,20279,3.08,51.79742590857538,0.62,2.69,178.18,11760
adc,Miss Fortune,missfortune,737452,2.41,51.90005586804294,22.61,20.95,189.03,13941
adc,Taliyah,taliyah,1862,2.3,51.93340494092374,0.06,0.28,188.72,12660
adc,Tahm Kench,tahmkench,2693,2.63,51.98663200891199,0.08,3.11,144.5,11572
adc,Xerath,xerath,5494,3.09,52.14779759737896,0.17,5.07,184.44,12674
adc,Nilah,nilah,76596,2.14,52.46226957021254,2.35,3.09,189.13,13513
adc,Zyra,zyra,4282,2.44,52.592246613731895,0.13,6.14,185.73,11736
adc,Karthus,karthus,9856,2.15,52.5974025974026,0.3,0.69,196.18,13728
adc,Yasuo,yasuo,45846,1.93,52.60437115560791,1.41,17.52,199.13,12931
adc,Vel'Koz,velkoz,10963,2.68,53.08765848764024,0.34,2.5,183.27,12553
adc,Swain,swain,63362,2.76,53.145418389571034,1.94,8.84,168.31,11920
adc,Lux,lux,33128,3.06,53.15443129678822,1.02,14.75,185.65,12588
adc,Aurelion Sol,aurelionsol,13657,2.68,53.54763125137292,0.42,1.58,196.91,13251
adc,Veigar,veigar,28413,2.45,53.71132932108542,0.87,3.32,190.85,13225
adc,Viktor,viktor,4629,2.43,54.180168502916395,0.14,2.26,194.52,12477
adc,Brand,brand,48688,2.38,54.24950706539599,1.49,6.67,179.64,12207
adc,Ambessa,ambessa,309,2.08,54.36893203883495,0.01,3.43,156.39,11847
support,Hecarim,hecarim,136,1.41,23.52941176470588,0.0,1.45,61.13,9242
support,Samira,samira,157,1.46,28.02547770700637,0.01,3.83,93.55,11540
support,Kalista,kalista,317,1.33,29.33753943217666,0.01,0.16,71.01,10425
support,Yunara,yunara,314,1.43,29.617834394904456,0.01,1.75,89.36,10082
support,Sivir,sivir,354,1.84,31.92090395480226,0.01,1.54,98.05,9689
support,Azir,azir,398,1.32,32.663316582914575,0.01,0.37,61.82,8815
support,Vladimir,vladimir,297,1.43,33.33333333333333,0.01,2.84,69.34,10001
support,Gangplank,gangplank,571,1.88,34.15061295971979,0.02,0.73,83.75,10856
support,Renekton,renekton,391,1.47,35.0383631713555,0.01,2.07,74.14,9828
support,Kassadin,kassadin,274,1.59,35.4014598540146,0.01,0.98,56.11,9783
support,Tryndamere,tryndamere,617,1.51,36.6288492706645,0.02,2.98,94.48,10429
support,Tristana,tristana,553,1.51,37.070524412296564,0.02,4.42,81.27,10871
support,Vayne,vayne,858,1.48,37.878787878787875,0.03,6.53,68.86,10357
support,Akshan,akshan,869,1.61,38.3199079401611,0.03,3.38,60.01,10710
support,Draven,draven,320,1.29,38.75,0.01,9.65,81.12,10877
support,Corki,corki,206,1.89,38.83495145631068,0.01,0.22,85.52,11029
support,Graves,graves,527,1.78,38.89943074003795,0.02,1.61,77.67,10427
support,Ambessa,ambessa,429,1.66,39.39393939393939,0.01,3.71,60.37,9817
support,Kha'Zix,khazix,308,1.72,39.61038961038961,0.01,2.04,58.27,10386
support,Varus,varus,1515,1.89,39.801980198019805,0.05,0.49,63.28,10618
support,Caitlyn,caitlyn,2415,1.54,40.24844720496895,0.07,19.62,81.02,10476
support,Udyr,udyr,734,1.61,40.32697547683924,0.02,1.63,67.23,9778
support,Yone,yone,1324,1.39,40.33232628398791,0.04,4.06,86.52,10309
support,Smolder,smolder,1051,1.82,40.627973358705994,0.03,4.78,86.47,10288
support,Ryze,ryze,702,1.95,40.883190883190885,0.02,0.39,69.93,9965
support,Irelia,irelia,470,1.51,41.06382978723404,0.01,5.81,93.79,10812
support,Aphelios,aphelios,222,1.41,41.44144144144144,0.01,2.04,74.83,10207
support,Kai'Sa,kaisa,916,2.13,41.81222707423581,0.03,1.52,68.64,10988
support,Garen,garen,1391,1.54,41.84040258806614,0.04,7.04,85.03,10437
support,Diana,diana,1018,1.55,41.944990176817285,0.03,9.37,68.76,10708
support,Yorick,yorick,1976,1.89,42.00404858299595,0.06,13.37,94.51,10366
support,Kayn,kayn,647,1.68,42.040185471406495,0.02,6.8,72.36,10811
support,Aurora,aurora,2002,1.94,42.157842157842154,0.06,2.03,61.76,10213
support,Nilah,nilah,116,1.25,42.241379310344826,0.0,1.64,84.19,9594
support,Kindred,kindred,298,1.52,42.281879194630875,0.01,2.02,64.59,10422
support,Ezreal,ezreal,2105,1.89,42.32779097387173,0.06,1.74,64.71,10588
support,Illaoi,illaoi,1507,1.45,42.468480424684806,0.05,8.25,71.24,9796
support,Nasus,nasus,2165,1.82,42.494226327944574,0.07,3.62,64.35,9471
support,Yasuo,yasuo,2010,1.47,42.53731343283582,0.06,16.04,103.8,10857
support,Lucian,lucian,344,1.56,43.02325581395349,0.01,1.66,83.44,10639
support,Zeri,zeri,251,2.02,43.02788844621514,0.01,0.24,76.26,10930
support,Bel'Veth,belveth,388,1.77,43.04123711340206,0.01,3.05,64.52,10010
support,Briar,briar,2572,1.5,43.07931570762053,0.08,17.0,61.27,11169
support,K'Sante,ksante,1140,1.87,43.15789473684211,0.03,0.95,49.84,9243
support,Rengar,rengar,2438,1.67,43.191140278917146,0.07,4.4,58.68,10275
support,Nocturne,nocturne,543,1.66,43.278084714548804,0.02,5.48,72.87,10470
support,Jhin,jhin,2957,2.24,43.28711531958066,0.09,4.19,73.62,10988
support,Zed,zed,1525,1.85,43.47540983606557,0.05,12.86,68.75,11111
support,Xayah,xayah,84,1.64,44.047619047619044,0.0,0.3,91.56,10193
support,Viego,viego,1360,1.81,44.11764705882353,0.04,7.08,53.59,10769
support,Warwick,warwick,1089,1.56,44.26078971533517,0.03,9.24,63.71,10709
support,Aatrox,aatrox,1100,1.7,44.27272727272727,0.03,7.09,55.43,9907
support,Zaahen,zaahen,3998,1.7,44.32216108054027,0.12,22.88,60.8,9986
support,Olaf,olaf,379,1.62,44.327176781002635,0.01,0.78,74.74,10698
support,Miss Fortune,missfortune,11668,2.08,44.5491943777854,0.36,20.71,71.78,10619
support,Malzahar,malzahar,4097,1.81,44.691237490846966,0.13,17.53,92.96,10553
support,Jayce,jayce,843,1.86,44.72123368920522,0.03,1.4,73.87,10831
support,Katarina,katarina,1396,1.94,44.77077363896848,0.04,5.75,67.62,11194
support,Naafiri,naafiri,1589,1.94,44.80805538074261,0.05,5.7,74.51,10993
support,Darius,darius,2435,1.59,44.8870636550308,0.07,11.75,69.87,10439
support,Camille,camille,4353,1.78,44.91155524925339,0.13,0.92,42.46,10046
support,Mordekaiser,mordekaiser,2613,1.53,45.044010715652504,0.08,11.32,61.11,10008
support,Jinx,jinx,1093,1.96,45.10521500457457,0.03,4.36,79.83,10700
support,Lee Sin,leesin,6110,2.04,45.64648117839607,0.19,1.7,53.67,10647
support,Twitch,twitch,11805,1.94,45.67556120288013,0.36,7.81,57.47,11264
support,Kled,kled,1104,2.0,45.742753623188406,0.03,0.85,61.7,10351
support,Talon,talon,618,1.74,45.79288025889968,0.02,2.0,73.28,11775
support,Mel,mel,114985,2.13,45.880767056572594,3.53,49.09,62.73,10630
support,Taliyah,taliyah,3298,1.98,45.96725288053366,0.1,0.29,60.28,10085
support,Kog'Maw,kogmaw,2064,1.87,45.97868217054263,0.06,0.69,70.99,11280
support,Akali,akali,1035,1.76,45.99033816425121,0.03,10.03,54.94,10187
support,Ashe,ashe,39669,2.24,45.990571983160656,1.22,7.11,53.84,9560
support,Ahri,ahri,6659,2.09,46.01291485207989,0.2,4.7,63.92,9942
support,Gwen,gwen,252,1.68,46.03174603174603,0.01,4.97,86.71,10781
support,Nunu & Willump,nunu,3146,2.02,46.1220597584234,0.1,2.1,52.89,10159
support,Aurelion Sol,aurelionsol,4082,2.14,46.12934835864772,0.13,1.52,84.16,11276
support,Orianna,orianna,4036,2.62,46.1595639246779,0.12,0.73,52.76,9284
support,Gnar,gnar,848,1.84,46.4622641509434,0.03,0.44,56.9,9730
support,Master Yi,masteryi,2611,1.59,46.49559555725776,0.08,19.26,72.11,11468
support,Ornn,ornn,4729,2.14,46.54260943116938,0.14,0.49,53.55,9627
support,Jax,jax,2457,1.7,46.6015466015466,0.08,11.94,61.92,10410
support,Xin Zhao,xinzhao,1511,1.73,46.65784248841827,0.05,0.66,60.62,10349
support,Ziggs,ziggs,7890,2.09,46.80608365019012,0.24,1.24,77.94,10640
support,Cho'Gath,chogath,12269,1.95,46.80903089086315,0.38,2.13,63.1,10268
support,Kayle,kayle,2717,2.38,46.85314685314685,0.08,5.09,62.25,9205
support,Cassiopeia,cassiopeia,1013,1.66,46.98914116485686,0.03,0.87,59.56,10063
support,Yuumi,yuumi,134380,4.69,46.99583271320137,4.12,3.33,13.93,8157
support,Skarner,skarner,2719,2.16,47.002574475910265,0.08,0.14,40.67,9287
support,Urgot,urgot,1189,2.0,47.01429772918419,0.04,2.51,77.23,10854
support,Trundle,trundle,3192,2.2,47.023809523809526,0.1,1.5,58.29,9719
support,Rumble,rumble,2165,1.93,47.159353348729795,0.07,0.42,52.78,10208
support,Qiyana,qiyana,1663,1.92,47.20384846662658,0.05,1.68,54.44,10459
support,Riven,riven,870,1.69,47.241379310344826,0.03,2.74,64.9,10252
support,Shyvana,shyvana,171,1.57,47.368421052631575,0.01,0.2,83.59,10676
support,Syndra,syndra,3704,2.01,47.38120950323974,0.11,4.36,66.41,10595
support,Vex,vex,3645,1.95,47.48971193415638,0.11,3.41,61.8,10156
support,Sejuani,sejuani,3929,2.31,47.49300076355307,0.12,0.18,52.11,9531
support,Volibear,volibear,2688,1.79,47.507440476190474,0.08,4.48,55.59,9762
support,Lissandra,lissandra,4714,2.07,47.666525243954176,0.14,0.68,61.91,9711
support,Dr. Mundo,drmundo,3953,1.9,47.735896787250184,0.12,17.12,64.63,9890
support,Karthus,karthus,3342,1.83,47.965290245362056,0.1,0.66,79.14,11517
support,Neeko,neeko,76560,2.14,48.03683385579937,2.35,1.47,53.08,9584
support,Ekko,ekko,3028,1.98,48.05151915455747,0.09,3.48,64.99,10673
support,Rek'Sai,reksai,1508,2.0,48.143236074270554,0.05,0.61,40.18,9973
support,Twisted Fate,twistedfate,3987,2.14,48.18159016804615,0.12,0.27,53.76,10039
support,Evelynn,evelynn,1866,2.18,48.28510182207931,0.06,2.57,38.58,10543
support,Sylas,sylas,16255,1.85,48.335896647185486,0.5,14.39,45.36,10211
support,Gragas,gragas,6872,2.16,48.428405122235155,0.21,0.5,48.16,9422
support,Kennen,kennen,3708,2.02,48.51672060409925,0.11,0.92,55.66,10246
support,Zoe,zoe,24676,2.24,48.520829956232774,0.76,3.45,47.29,10004
support,Hwei,hwei,18342,2.35,48.522516628502885,0.56,1.96,58.31,9970
support,Lulu,lulu,147286,3.11,48.54908137908559,4.52,3.69,27.39,8272
support,Rakan,rakan,79023,2.81,48.687091100059476,2.42,0.23,30.46,8393
support,Veigar,veigar,25203,2.03,48.72039042971075,0.77,3.32,69.92,10554
support,Quinn,quinn,3029,1.96,48.72895344998349,0.09,2.72,59.17,11263
support,Vi,vi,2540,1.75,48.77952755905512,0.08,0.44,58.32,10378
support,Singed,singed,4599,2.04,48.793215916503584,0.14,1.67,84.11,10352
support,Nautilus,nautilus,266309,2.42,48.813971739595736,8.16,9.17,32.46,8736
support,Fizz,fizz,2878,2.04,48.81862404447533,0.09,11.62,65.83,11096
support,Annie,annie,9093,2.11,48.85076432420543,0.28,0.82,43.58,9627
support,Alistar,alistar,92410,2.5,48.876744941023695,2.83,0.99,27.83,8417
support,Jarvan IV,jarvaniv,8284,2.45,48.889425398358284,0.25,1.43,51.29,10156
support,Anivia,anivia,19595,2.37,48.96657310538403,0.6,2.1,62.25,9798
support,Sett,sett,7853,1.77,49.01311600662167,0.24,4.37,56.77,10024
support,LeBlanc,leblanc,14844,2.52,49.023174346537324,0.46,8.28,46.9,10322
support,Ivern,ivern,6569,2.81,49.109453493682445,0.2,0.67,35.75,8699
support,Pantheon,pantheon,114333,1.99,49.13104702929163,3.51,3.12,48.18,10539
support,Malphite,malphite,36177,2.24,49.14448406446085,1.11,30.55,55.03,10079
support,Viktor,viktor,944,1.9,49.152542372881356,0.03,2.01,72.77,10495
support,Wukong,monkeyking,2802,1.94,49.214846538187004,0.09,0.68,61.61,10703
support,Rell,rell,68410,2.77,49.222335915801786,2.1,0.57,28.57,8805
support,Pyke,pyke,187920,2.15,49.25819497658578,5.76,20.16,34.48,10300
support,Senna,senna,170063,2.77,49.264684264066844,5.21,1.28,43.73,10121
support,Blitzcrank,blitzcrank,159008,2.42,49.28619943650634,4.87,15.7,29.03,8590
support,Elise,elise,30080,2.01,49.305186170212764,0.92,1.17,40.36,10152
support,Heimerdinger,heimerdinger,11058,1.89,49.520708988967264,0.34,4.39,69.54,10218
support,Zac,zac,10086,2.57,49.534007535197304,0.31,1.35,49.84,9727
support,Thresh,thresh,266571,2.69,49.62167677654358,8.17,3.09,33.54,8723
support,Karma,karma,163604,2.88,49.631427104471776,5.02,2.22,36.74,8676
support,Nidalee,nidalee,14446,2.45,49.633116433614845,0.44,0.23,43.14,9683
support,Lillia,lillia,1179,2.11,49.787955894826126,0.04,3.2,67.93,10527
support,Bard,bard,147817,2.95,49.838651846539975,4.53,1.91,31.29,9294
support,Seraphine,seraphine,227195,2.8,49.841765883932304,6.97,2.72,43.75,9229
support,Rammus,rammus,3455,2.35,49.95658465991317,0.11,4.72,41.58,9212
support,Lux,lux,365080,2.5,49.987126109345894,11.19,14.88,61.58,10096
support,Renata Glasc,renata,41154,2.75,50.18953200174953,1.26,0.15,32.82,8637
support,Fiddlesticks,fiddlesticks,21002,2.06,50.195219502904486,0.64,1.6,48.71,9724
support,Tahm Kench,tahmkench,113382,2.39,50.19844419749167,3.48,3.3,37.67,9522
support,Xerath,xerath,90726,2.67,50.341688159954145,2.78,5.23,60.24,10465
support,Morgana,morgana,258029,2.55,50.53385472175608,7.91,23.52,50.47,9726
support,Poppy,poppy,63995,2.27,50.594577701382924,1.96,2.27,38.7,9587
support,Shen,shen,39271,2.74,50.63278246033968,1.2,0.93,40.1,9445
support,Janna,janna,125172,3.32,50.73259195347202,3.84,0.82,26.78,8370
support,Maokai,maokai,72337,2.54,50.743049891480155,2.22,0.41,38.02,9014
support,Galio,galio,24526,2.5,50.81546114327652,0.75,2.7,45.83,9267
support,Zilean,zilean,81267,3.26,50.89027526548291,2.49,1.17,45.38,8967
support,Fiora,fiora,812,1.53,50.98522167487685,0.02,3.25,70.97,11781
support,Leona,leona,263234,2.55,51.03178160875874,8.07,7.65,31.25,8783
support,Swain,swain,157055,2.44,51.075737798860274,4.81,8.87,52.2,9921
support,Braum,braum,153065,2.88,51.20439029170613,4.69,3.19,27.44,8582
support,Amumu,amumu,22348,2.1,51.235009844281365,0.69,6.67,39.23,9064
support,Shaco,shaco,54395,2.42,51.33927750712382,1.67,22.81,46.29,10134
support,Vel'Koz,velkoz,125543,2.29,51.360091761388524,3.85,2.54,55.92,10189
support,Sion,sion,15980,1.88,51.36420525657071,0.49,2.25,70.78,10686
support,Zyra,zyra,168478,2.29,51.45478934935125,5.17,6.39,57.73,9880
support,Brand,brand,178140,2.0,51.52913438868306,5.46,6.7,55.41,10303
support,Soraka,soraka,186686,2.93,51.61929657285496,5.72,3.08,24.89,8089
support,Milio,milio,241746,3.76,51.66000678397988,7.41,6.2,27.26,8163
support,Nami,nami,381658,3.36,51.71960236651662,11.7,2.81,24.7,8445
support,Taric,taric,65014,2.66,51.819608084412586,1.99,0.6,36.42,8586
support,Sona,sona,187283,3.08,52.07359984622203,5.74,0.91,28.14,8733
support,Teemo,teemo,74896,1.95,52.522164067506935,2.3,18.3,57.9,10221
